[{"model": "auth.permission", "pk": 1, "fields": {"name": "Can add log entry", "content_type": 1, "codename": "add_logentry"}}, {"model": "auth.permission", "pk": 2, "fields": {"name": "Can change log entry", "content_type": 1, "codename": "change_logentry"}}, {"model": "auth.permission", "pk": 3, "fields": {"name": "Can delete log entry", "content_type": 1, "codename": "delete_logentry"}}, {"model": "auth.permission", "pk": 4, "fields": {"name": "Can view log entry", "content_type": 1, "codename": "view_logentry"}}, {"model": "auth.permission", "pk": 5, "fields": {"name": "Can add permission", "content_type": 2, "codename": "add_permission"}}, {"model": "auth.permission", "pk": 6, "fields": {"name": "Can change permission", "content_type": 2, "codename": "change_permission"}}, {"model": "auth.permission", "pk": 7, "fields": {"name": "Can delete permission", "content_type": 2, "codename": "delete_permission"}}, {"model": "auth.permission", "pk": 8, "fields": {"name": "Can view permission", "content_type": 2, "codename": "view_permission"}}, {"model": "auth.permission", "pk": 9, "fields": {"name": "Can add group", "content_type": 3, "codename": "add_group"}}, {"model": "auth.permission", "pk": 10, "fields": {"name": "Can change group", "content_type": 3, "codename": "change_group"}}, {"model": "auth.permission", "pk": 11, "fields": {"name": "Can delete group", "content_type": 3, "codename": "delete_group"}}, {"model": "auth.permission", "pk": 12, "fields": {"name": "Can view group", "content_type": 3, "codename": "view_group"}}, {"model": "auth.permission", "pk": 13, "fields": {"name": "Can add user", "content_type": 4, "codename": "add_user"}}, {"model": "auth.permission", "pk": 14, "fields": {"name": "Can change user", "content_type": 4, "codename": "change_user"}}, {"model": "auth.permission", "pk": 15, "fields": {"name": "Can delete user", "content_type": 4, "codename": "delete_user"}}, {"model": "auth.permission", "pk": 16, "fields": {"name": "Can view user", "content_type": 4, "codename": "view_user"}}, {"model": "auth.permission", "pk": 17, "fields": {"name": "Can add content type", "content_type": 5, "codename": "add_contenttype"}}, {"model": "auth.permission", "pk": 18, "fields": {"name": "Can change content type", "content_type": 5, "codename": "change_contenttype"}}, {"model": "auth.permission", "pk": 19, "fields": {"name": "Can delete content type", "content_type": 5, "codename": "delete_contenttype"}}, {"model": "auth.permission", "pk": 20, "fields": {"name": "Can view content type", "content_type": 5, "codename": "view_contenttype"}}, {"model": "auth.permission", "pk": 21, "fields": {"name": "Can add session", "content_type": 6, "codename": "add_session"}}, {"model": "auth.permission", "pk": 22, "fields": {"name": "Can change session", "content_type": 6, "codename": "change_session"}}, {"model": "auth.permission", "pk": 23, "fields": {"name": "Can delete session", "content_type": 6, "codename": "delete_session"}}, {"model": "auth.permission", "pk": 24, "fields": {"name": "Can view session", "content_type": 6, "codename": "view_session"}}, {"model": "auth.permission", "pk": 25, "fields": {"name": "Can add Token", "content_type": 7, "codename": "add_token"}}, {"model": "auth.permission", "pk": 26, "fields": {"name": "Can change Token", "content_type": 7, "codename": "change_token"}}, {"model": "auth.permission", "pk": 27, "fields": {"name": "Can delete Token", "content_type": 7, "codename": "delete_token"}}, {"model": "auth.permission", "pk": 28, "fields": {"name": "Can view Token", "content_type": 7, "codename": "view_token"}}, {"model": "auth.permission", "pk": 29, "fields": {"name": "Can add Token", "content_type": 8, "codename": "add_tokenproxy"}}, {"model": "auth.permission", "pk": 30, "fields": {"name": "Can change Token", "content_type": 8, "codename": "change_tokenproxy"}}, {"model": "auth.permission", "pk": 31, "fields": {"name": "Can delete Token", "content_type": 8, "codename": "delete_tokenproxy"}}, {"model": "auth.permission", "pk": 32, "fields": {"name": "Can view Token", "content_type": 8, "codename": "view_tokenproxy"}}, {"model": "auth.permission", "pk": 33, "fields": {"name": "Can add eyes", "content_type": 9, "codename": "add_eyes"}}, {"model": "auth.permission", "pk": 34, "fields": {"name": "Can change eyes", "content_type": 9, "codename": "change_eyes"}}, {"model": "auth.permission", "pk": 35, "fields": {"name": "Can delete eyes", "content_type": 9, "codename": "delete_eyes"}}, {"model": "auth.permission", "pk": 36, "fields": {"name": "Can view eyes", "content_type": 9, "codename": "view_eyes"}}, {"model": "auth.permission", "pk": 37, "fields": {"name": "Can add category", "content_type": 10, "codename": "add_category"}}, {"model": "auth.permission", "pk": 38, "fields": {"name": "Can change category", "content_type": 10, "codename": "change_category"}}, {"model": "auth.permission", "pk": 39, "fields": {"name": "Can delete category", "content_type": 10, "codename": "delete_category"}}, {"model": "auth.permission", "pk": 40, "fields": {"name": "Can view category", "content_type": 10, "codename": "view_category"}}, {"model": "auth.permission", "pk": 41, "fields": {"name": "Can add rts product", "content_type": 11, "codename": "add_rtsproduct"}}, {"model": "auth.permission", "pk": 42, "fields": {"name": "Can change rts product", "content_type": 11, "codename": "change_rtsproduct"}}, {"model": "auth.permission", "pk": 43, "fields": {"name": "Can delete rts product", "content_type": 11, "codename": "delete_rtsproduct"}}, {"model": "auth.permission", "pk": 44, "fields": {"name": "Can view rts product", "content_type": 11, "codename": "view_rtsproduct"}}, {"model": "auth.permission", "pk": 45, "fields": {"name": "Can add color", "content_type": 12, "codename": "add_color"}}, {"model": "auth.permission", "pk": 46, "fields": {"name": "Can change color", "content_type": 12, "codename": "change_color"}}, {"model": "auth.permission", "pk": 47, "fields": {"name": "Can delete color", "content_type": 12, "codename": "delete_color"}}, {"model": "auth.permission", "pk": 48, "fields": {"name": "Can view color", "content_type": 12, "codename": "view_color"}}, {"model": "auth.permission", "pk": 49, "fields": {"name": "Can add customer", "content_type": 13, "codename": "add_customer"}}, {"model": "auth.permission", "pk": 50, "fields": {"name": "Can change customer", "content_type": 13, "codename": "change_customer"}}, {"model": "auth.permission", "pk": 51, "fields": {"name": "Can delete customer", "content_type": 13, "codename": "delete_customer"}}, {"model": "auth.permission", "pk": 52, "fields": {"name": "Can view customer", "content_type": 13, "codename": "view_customer"}}, {"model": "auth.permission", "pk": 53, "fields": {"name": "Can add payment", "content_type": 14, "codename": "add_payment"}}, {"model": "auth.permission", "pk": 54, "fields": {"name": "Can change payment", "content_type": 14, "codename": "change_payment"}}, {"model": "auth.permission", "pk": 55, "fields": {"name": "Can delete payment", "content_type": 14, "codename": "delete_payment"}}, {"model": "auth.permission", "pk": 56, "fields": {"name": "Can view payment", "content_type": 14, "codename": "view_payment"}}, {"model": "auth.permission", "pk": 57, "fields": {"name": "Can add order", "content_type": 15, "codename": "add_order"}}, {"model": "auth.permission", "pk": 58, "fields": {"name": "Can change order", "content_type": 15, "codename": "change_order"}}, {"model": "auth.permission", "pk": 59, "fields": {"name": "Can delete order", "content_type": 15, "codename": "delete_order"}}, {"model": "auth.permission", "pk": 60, "fields": {"name": "Can view order", "content_type": 15, "codename": "view_order"}}, {"model": "auth.permission", "pk": 61, "fields": {"name": "Can add cus product", "content_type": 16, "codename": "add_cusproduct"}}, {"model": "auth.permission", "pk": 62, "fields": {"name": "Can change cus product", "content_type": 16, "codename": "change_cusproduct"}}, {"model": "auth.permission", "pk": 63, "fields": {"name": "Can delete cus product", "content_type": 16, "codename": "delete_cusproduct"}}, {"model": "auth.permission", "pk": 64, "fields": {"name": "Can view cus product", "content_type": 16, "codename": "view_cusproduct"}}, {"model": "auth.permission", "pk": 65, "fields": {"name": "Can add cus request", "content_type": 17, "codename": "add_cusrequest"}}, {"model": "auth.permission", "pk": 66, "fields": {"name": "Can change cus request", "content_type": 17, "codename": "change_cusrequest"}}, {"model": "auth.permission", "pk": 67, "fields": {"name": "Can delete cus request", "content_type": 17, "codename": "delete_cusrequest"}}, {"model": "auth.permission", "pk": 68, "fields": {"name": "Can view cus request", "content_type": 17, "codename": "view_cusrequest"}}, {"model": "auth.permission", "pk": 69, "fields": {"name": "Can add order product", "content_type": 18, "codename": "add_orderproduct"}}, {"model": "auth.permission", "pk": 70, "fields": {"name": "Can change order product", "content_type": 18, "codename": "change_orderproduct"}}, {"model": "auth.permission", "pk": 71, "fields": {"name": "Can delete order product", "content_type": 18, "codename": "delete_orderproduct"}}, {"model": "auth.permission", "pk": 72, "fields": {"name": "Can view order product", "content_type": 18, "codename": "view_orderproduct"}}, {"model": "auth.permission", "pk": 73, "fields": {"name": "Can add cart", "content_type": 19, "codename": "add_cart"}}, {"model": "auth.permission", "pk": 74, "fields": {"name": "Can change cart", "content_type": 19, "codename": "change_cart"}}, {"model": "auth.permission", "pk": 75, "fields": {"name": "Can delete cart", "content_type": 19, "codename": "delete_cart"}}, {"model": "auth.permission", "pk": 76, "fields": {"name": "Can view cart", "content_type": 19, "codename": "view_cart"}}, {"model": "auth.user", "pk": 1, "fields": {"password": "pbkdf2_sha256$720000$RlkdXYFDDwknNIrVcWzF6r$jfLY0qTWPB4q4ApY4/8P/+wIS320ORsULYoidZL7pys.s", "last_login": null, "is_superuser": false, "username": "ryan@ryantanay.com", "first_name": "Ryan", "last_name": "Tanay", "email": "ryan@ryantanay.com", "is_staff": false, "is_active": true, "date_joined": "2022-10-21T21:15:55.764Z", "groups": [], "user_permissions": []}}, {"model": "auth.user", "pk": 2, "fields": {"password": "pbkdf2_sha256$720000$RlkdXYFDDwknNIrVcWzF6r$jfLY0qTWPB4q4ApY4/8P/+wIS320ORsULYoidZL7pys", "last_login": null, "is_superuser": false, "username": "meg@ducharme.com", "first_name": "Meg", "last_name": "Ducharme", "email": "meg@ducharme.com", "is_staff": true, "is_active": true, "date_joined": "2022-10-21T21:16:33.812Z", "groups": [], "user_permissions": []}}, {"model": "auth.user", "pk": 3, "fields": {"password": "pbkdf2_sha256$720000$RlkdXYFDDwknNIrVcWzF6r$jfLY0qTWPB4q4ApY4/8P/+wIS320ORsULYoidZL7pys=", "last_login": null, "is_superuser": true, "username": "kasummers16@gmail.com", "first_name": "Kim", "last_name": "Summers", "email": "kasummers16@gmail.com", "is_staff": true, "is_active": true, "date_joined": "2024-05-08T00:00:00Z", "groups": [], "user_permissions": []}}, {"model": "contenttypes.contenttype", "pk": 1, "fields": {"app_label": "admin", "model": "logentry"}}, {"model": "contenttypes.contenttype", "pk": 2, "fields": {"app_label": "auth", "model": "permission"}}, {"model": "contenttypes.contenttype", "pk": 3, "fields": {"app_label": "auth", "model": "group"}}, {"model": "contenttypes.contenttype", "pk": 4, "fields": {"app_label": "auth", "model": "user"}}, {"model": "contenttypes.contenttype", "pk": 5, "fields": {"app_label": "contenttypes", "model": "contenttype"}}, {"model": "contenttypes.contenttype", "pk": 6, "fields": {"app_label": "sessions", "model": "session"}}, {"model": "contenttypes.contenttype", "pk": 7, "fields": {"app_label": "authtoken", "model": "token"}}, {"model": "contenttypes.contenttype", "pk": 8, "fields": {"app_label": "authtoken", "model": "tokenproxy"}}, {"model": "contenttypes.contenttype", "pk": 9, "fields": {"app_label": "hookdapi", "model": "eyes"}}, {"model": "contenttypes.contenttype", "pk": 10, "fields": {"app_label": "hookdapi", "model": "category"}}, {"model": "contenttypes.contenttype", "pk": 11, "fields": {"app_label": "hookdapi", "model": "rtsproduct"}}, {"model": "contenttypes.contenttype", "pk": 12, "fields": {"app_label": "hookdapi", "model": "color"}}, {"model": "contenttypes.contenttype", "pk": 13, "fields": {"app_label": "hookdapi", "model": "customer"}}, {"model": "contenttypes.contenttype", "pk": 14, "fields": {"app_label": "hookdapi", "model": "payment"}}, {"model": "contenttypes.contenttype", "pk": 15, "fields": {"app_label": "hookdapi", "model": "order"}}, {"model": "contenttypes.contenttype", "pk": 16, "fields": {"app_label": "hookdapi", "model": "cusproduct"}}, {"model": "contenttypes.contenttype", "pk": 17, "fields": {"app_label": "hookdapi", "model": "cusrequest"}}, {"model": "contenttypes.contenttype", "pk": 18, "fields": {"app_label": "hookdapi", "model": "orderproduct"}}, {"model": "contenttypes.contenttype", "pk": 19, "fields": {"app_label": "hookdapi", "model": "cart"}}, {"model": "authtoken.token", "pk": "9ba45f09651c5b0c404f37a2d2572c026c146688", "fields": {"user": 1, "created": "2019-10-10T23:41:08.334Z"}}, {"model": "authtoken.token", "pk": "9ba45f09651c5b0c404f37a2d2572c026c146690", "fields": {"user": 2, "created": "2019-10-10T23:41:08.334Z"}}, {"model": "authtoken.token", "pk": "c0664fc515a50d294709245e6927affd20ce77c4", "fields": {"user": 3, "created": "2024-05-08T00:00:00Z"}}, {"model": "hookdapi.eyes", "pk": 1, "fields": {"name": "felt"}}, {"model": "hookdapi.eyes", "pk": 2, "fields": {"name": "safety"}}, {"model": "hookdapi.eyes", "pk": 3, "fields": {"name": "embroidered"}}, {"model": "hookdapi.eyes", "pk": 4, "fields": {"name": "No Eyes Needed"}}, {"model": "hookdapi.category", "pk": 1, "fields": {"name": "Stuffies"}}, {"model": "hookdapi.category", "pk": 2, "fields": {"name": "Accessories"}}, {"model": "hookdapi.category", "pk": 3, "fields": {"name": "Food Accessories"}}, {"model": "hookdapi.category", "pk": 4, "fields": {"name": "Home Decor"}}, {"model": "hookdapi.rtsproduct", "pk": 1, "fields": {"name": "Orange Cosmo", "price": 15, "description": "Embark on an intergalactic adventure with our handcrafted Cosmo. Each little extraterrestrial is lovingly crafted with vibrant, soft yarn, making them both huggable and out-of-this-world cute!", "category": 1, "pattern": "Hanner-Gurumi", "yarn": "Loops & Threads Impeccable", "eyes": 1, "image": "https://res.cloudinary.com/yarn-stash/image/upload/v1714961537/IMG_1562_bgzlwv.jpg"}}, {"model": "hookdapi.rtsproduct", "pk": 2, "fields": {"name": "Gray Dolphin", "price": 10, "description": "Dive into the magic of the ocean with our enchanting Crochet Dolphin! Handcrafted with soft yarn, this adorable plushie brings the joy and wonder of marine life right into your arms. Perfect for ocean lovers of all ages!", "category": 1, "pattern": "AmigurumiDay", "yarn": "Loops & Threads Impeccable", "eyes": 2, "image": "https://res.cloudinary.com/yarn-stash/image/upload/v1715006616/GrayDolphin_q9mk2q.jpg"}}, {"model": "hookdapi.rtsproduct", "pk": 3, "fields": {"name": "Orange/White Mood Octopus", "price": 20, "description": "Experience double the delight with our Mood Octopus! Flip between its vibrant colors to match your mood, whether you're feeling sunny and bright or cool and calm. Handcrafted with love and adorned with cheerful tentacles, it's the perfect cuddly companion for expressing your ever-changing emotions. ", "category": 1, "pattern": "CraftingHappiness", "yarn": "Loops & Threads Impeccable", "eyes": 3, "image": "https://res.cloudinary.com/yarn-stash/image/upload/v1715006759/OrangeOcto_n9mwgs.jpg"}}, {"model": "hookdapi.rtsproduct", "pk": 6, "fields": {"name": "Rainbow Hat", "price": 20, "description": "Embrace winter with flair in this snugly crocheted hat, meticulously crafted to keep you toasty while exuding timeless charm with its intricate stitches and classic design.", "category": 2, "pattern": null, "yarn": "Loops & Threads Impeccable", "eyes": null, "image": "https://res.cloudinary.com/yarn-stash/image/upload/v1715006755/RainbowHat_fl7u1n.jpg"}}, {"model": "hookdapi.rtsproduct", "pk": 7, "fields": {"name": "Two-Tone Gray Scarf", "price": 30, "description": "Stay cozy and stylish with this handcrafted crochet scarf, intricately woven to keep you warm in the chilliest of days while adding a pop of color and texture to your ensemble.", "category": 2, "pattern": null, "yarn": "Loops & Threads Impeccable", "eyes": null, "image": "https://res.cloudinary.com/yarn-stash/image/upload/v1715006764/GrayScarf_aauvei.jpg"}}, {"model": "hookdapi.color", "pk": 1, "fields": {"name": "No Color"}}, {"model": "hookdapi.color", "pk": 2, "fields": {"name": "Red"}}, {"model": "hookdapi.color", "pk": 3, "fields": {"name": "Orange"}}, {"model": "hookdapi.color", "pk": 4, "fields": {"name": "Yellow"}}, {"model": "hookdapi.color", "pk": 5, "fields": {"name": "Green"}}, {"model": "hookdapi.color", "pk": 6, "fields": {"name": "Blue"}}, {"model": "hookdapi.color", "pk": 7, "fields": {"name": "Indigo"}}, {"model": "hookdapi.color", "pk": 8, "fields": {"name": "Violet"}}, {"model": "hookdapi.color", "pk": 9, "fields": {"name": "White"}}, {"model": "hookdapi.color", "pk": 10, "fields": {"name": "Gray"}}, {"model": "hookdapi.color", "pk": 11, "fields": {"name": "Black"}}, {"model": "hookdapi.color", "pk": 12, "fields": {"name": "Brown"}}, {"model": "hookdapi.customer", "pk": 1, "fields": {"user": 1, "address": "123 Main St", "email_address": "ryan@ryantanay.com", "name": "Ryan Tanay", "is_admin": false}}, {"model": "hookdapi.customer", "pk": 2, "fields": {"user": 2, "address": "456 Oak St", "email_address": "meg@ducharme.com", "name": "Meg Ducharme", "is_admin": true}}, {"model": "hookdapi.customer", "pk": 3, "fields": {"user": 3, "address": "220 Tessa Grace", "email_address": "kasummers16@gmail.com", "name": "Kim Summers", "is_admin": true}}, {"model": "hookdapi.payment", "pk": 1, "fields": {"merchant_name": "Visa", "account_number": "24ijio68948fj8439", "customer": 2, "expiration_date": "2020-01-01", "create_date": "2019-11-11"}}, {"model": "hookdapi.cusproduct", "pk": 1, "fields": {"name": "Cosmo", "price": 15, "image": "https://res.cloudinary.com/yarn-stash/image/upload/v1714961537/IMG_1562_bgzlwv.jpg", "category": 1, "pattern": "Hanner-Gurumi", "yarn": "Loops & Threads Impeccable", "eyes": 1}}, {"model": "hookdapi.cusproduct", "pk": 2, "fields": {"name": "Dolphin", "price": 10, "image": "https://res.cloudinary.com/yarn-stash/image/upload/v1715006616/GrayDolphin_q9mk2q.jpg", "category": 1, "pattern": "AmigurumiDay", "yarn": "Loops & Threads Impeccable", "eyes": 2}}, {"model": "hookdapi.cusproduct", "pk": 3, "fields": {"name": "Mood Octopus", "price": 20, "image": "https://res.cloudinary.com/yarn-stash/image/upload/v1715007484/B8B12DCA-0FAD-4281-BDA6-A5B0E460477C_nrhxci.jpg", "category": 1, "pattern": "CraftingHappiness", "yarn": "Loops & Threads Impeccable", "eyes": 3}}, {"model": "hookdapi.cusproduct", "pk": 4, "fields": {"name": "Turtle", "price": 10, "image": "https://res.cloudinary.com/yarn-stash/image/upload/v1715007475/D5BE07C0-C116-4FEE-9CBB-1C079F8F8055_hr72wa.jpg", "category": 1, "pattern": "Abigurumi", "yarn": "Loops & Threads Impeccable", "eyes": 2}}, {"model": "hookdapi.cusproduct", "pk": 5, "fields": {"name": "Axolotl", "price": 10, "image": "https://res.cloudinary.com/yarn-stash/image/upload/v1715007490/0AB5E9CC-CA30-4914-9FC7-36B35445FE64_aqn8c1.jpg", "category": 1, "pattern": "Unknown", "yarn": "Loops & Threads Impeccable", "eyes": 2}}, {"model": "hookdapi.cusproduct", "pk": 6, "fields": {"name": "Scarf", "price": 30, "image": "https://res.cloudinary.com/yarn-stash/image/upload/v1715006764/GrayScarf_aauvei.jpg", "category": 2, "pattern": "", "yarn": "Loops & Threads Impeccable", "eyes": null}}]